-- phpMyAdmin SQL Dump
-- version 5.0.2
-- https://www.phpmyadmin.net/
--
-- Hôte : 127.0.0.1:3306
-- Généré le : sam. 24 juil. 2021 à 06:54
-- Version du serveur :  5.7.31
-- Version de PHP : 7.3.21

SET SQL_MODE = "NO_AUTO_VALUE_ON_ZERO";
START TRANSACTION;
SET time_zone = "+00:00";


/*!40101 SET @OLD_CHARACTER_SET_CLIENT=@@CHARACTER_SET_CLIENT */;
/*!40101 SET @OLD_CHARACTER_SET_RESULTS=@@CHARACTER_SET_RESULTS */;
/*!40101 SET @OLD_COLLATION_CONNECTION=@@COLLATION_CONNECTION */;
/*!40101 SET NAMES utf8mb4 */;

--
-- Base de données : `onlineshop`
--

DELIMITER $$
--
-- Procédures
--
DROP PROCEDURE IF EXISTS `getcat`$$
CREATE DEFINER=`root`@`localhost` PROCEDURE `getcat` (IN `cid` INT)  SELECT * FROM categories WHERE cat_id=cid$$

DELIMITER ;

-- --------------------------------------------------------

--
-- Structure de la table `admin_info`
--

DROP TABLE IF EXISTS `admin_info`;
CREATE TABLE IF NOT EXISTS `admin_info` (
  `admin_id` int(10) NOT NULL AUTO_INCREMENT,
  `admin_name` varchar(100) NOT NULL,
  `admin_email` varchar(300) NOT NULL,
  `admin_password` varchar(300) NOT NULL,
  PRIMARY KEY (`admin_id`)
) ENGINE=InnoDB AUTO_INCREMENT=2 DEFAULT CHARSET=latin1;

--
-- Déchargement des données de la table `admin_info`
--

INSERT INTO `admin_info` (`admin_id`, `admin_name`, `admin_email`, `admin_password`) VALUES
(1, 'admin', 'admin@gmail.com', '25f9e794323b453885f5181f1b624d0b');

-- --------------------------------------------------------

--
-- Structure de la table `brands`
--

DROP TABLE IF EXISTS `brands`;
CREATE TABLE IF NOT EXISTS `brands` (
  `brand_id` int(100) NOT NULL AUTO_INCREMENT,
  `brand_title` text NOT NULL,
  PRIMARY KEY (`brand_id`)
) ENGINE=InnoDB AUTO_INCREMENT=7 DEFAULT CHARSET=latin1;

--
-- Déchargement des données de la table `brands`
--

INSERT INTO `brands` (`brand_id`, `brand_title`) VALUES
(1, 'HP'),
(2, 'Samsung'),
(3, 'Apple'),
(4, 'motorolla'),
(5, 'LG'),
(6, 'Cloth Brand');

-- --------------------------------------------------------

--
-- Structure de la table `cart`
--

DROP TABLE IF EXISTS `cart`;
CREATE TABLE IF NOT EXISTS `cart` (
  `id` int(10) NOT NULL AUTO_INCREMENT,
  `p_id` int(10) NOT NULL,
  `ip_add` varchar(250) NOT NULL,
  `user_id` int(10) DEFAULT NULL,
  `qty` int(10) NOT NULL,
  PRIMARY KEY (`id`)
) ENGINE=InnoDB AUTO_INCREMENT=76 DEFAULT CHARSET=latin1;

--
-- Déchargement des données de la table `cart`
--

INSERT INTO `cart` (`id`, `p_id`, `ip_add`, `user_id`, `qty`) VALUES
(6, 26, '::1', 4, 1),
(9, 10, '::1', 7, 1),
(10, 11, '::1', 7, 1),
(11, 45, '::1', 7, 1),
(44, 5, '::1', 3, 0),
(46, 2, '::1', 3, 0),
(48, 72, '::1', 3, 0),
(49, 60, '::1', 8, 1),
(50, 61, '::1', 8, 1),
(51, 1, '::1', 8, 1),
(52, 5, '::1', 9, 1),
(53, 2, '::1', 14, 1),
(54, 3, '::1', 14, 1),
(55, 5, '::1', 14, 1),
(56, 1, '::1', 9, 1),
(57, 2, '::1', 9, 1),
(71, 61, '127.0.0.1', -1, 1),
(72, 74, '::1', -1, 1),
(73, 75, '::1', -1, 1),
(74, 73, '::1', -1, 1),
(75, 71, '::1', -1, 1);

-- --------------------------------------------------------

--
-- Structure de la table `categories`
--

DROP TABLE IF EXISTS `categories`;
CREATE TABLE IF NOT EXISTS `categories` (
  `cat_id` int(100) NOT NULL AUTO_INCREMENT,
  `cat_title` text NOT NULL,
  PRIMARY KEY (`cat_id`)
) ENGINE=InnoDB AUTO_INCREMENT=4 DEFAULT CHARSET=latin1;

--
-- Déchargement des données de la table `categories`
--

INSERT INTO `categories` (`cat_id`, `cat_title`) VALUES
(1, 'Cercueils'),
(2, 'Corbillards'),
(3, 'Decorations');

-- --------------------------------------------------------

--
-- Structure de la table `email_info`
--

DROP TABLE IF EXISTS `email_info`;
CREATE TABLE IF NOT EXISTS `email_info` (
  `email_id` int(100) NOT NULL AUTO_INCREMENT,
  `email` text NOT NULL,
  PRIMARY KEY (`email_id`)
) ENGINE=InnoDB AUTO_INCREMENT=6 DEFAULT CHARSET=latin1;

--
-- Déchargement des données de la table `email_info`
--

INSERT INTO `email_info` (`email_id`, `email`) VALUES
(3, 'admin@gmail.com'),
(4, 'puneethreddy951@gmail.com'),
(5, 'puneethreddy@gmail.com');

-- --------------------------------------------------------

--
-- Structure de la table `logs`
--

DROP TABLE IF EXISTS `logs`;
CREATE TABLE IF NOT EXISTS `logs` (
  `id` int(11) NOT NULL AUTO_INCREMENT,
  `user_id` varchar(50) NOT NULL,
  `action` varchar(50) NOT NULL,
  `date` datetime NOT NULL,
  PRIMARY KEY (`id`)
) ENGINE=InnoDB DEFAULT CHARSET=latin1;

-- --------------------------------------------------------

--
-- Structure de la table `orders`
--

DROP TABLE IF EXISTS `orders`;
CREATE TABLE IF NOT EXISTS `orders` (
  `order_id` int(11) NOT NULL AUTO_INCREMENT,
  `user_id` int(11) NOT NULL,
  `product_id` int(11) NOT NULL,
  `qty` int(11) NOT NULL,
  `trx_id` varchar(255) NOT NULL,
  `p_status` varchar(20) NOT NULL,
  PRIMARY KEY (`order_id`)
) ENGINE=InnoDB AUTO_INCREMENT=3 DEFAULT CHARSET=latin1;

--
-- Déchargement des données de la table `orders`
--

INSERT INTO `orders` (`order_id`, `user_id`, `product_id`, `qty`, `trx_id`, `p_status`) VALUES
(1, 12, 7, 1, '07M47684BS5725041', 'Completed'),
(2, 14, 2, 1, '07M47684BS5725041', 'Completed');

-- --------------------------------------------------------

--
-- Structure de la table `orders_info`
--

DROP TABLE IF EXISTS `orders_info`;
CREATE TABLE IF NOT EXISTS `orders_info` (
  `order_id` int(10) NOT NULL AUTO_INCREMENT,
  `user_id` int(11) NOT NULL,
  `f_name` varchar(255) NOT NULL,
  `email` varchar(255) NOT NULL,
  `address` varchar(255) NOT NULL,
  `city` varchar(255) NOT NULL,
  `state` varchar(255) NOT NULL,
  `zip` int(10) NOT NULL,
  `cardname` varchar(255) NOT NULL,
  `cardnumber` varchar(20) NOT NULL,
  `expdate` varchar(255) NOT NULL,
  `prod_count` int(15) DEFAULT NULL,
  `total_amt` int(15) DEFAULT NULL,
  `cvv` int(5) NOT NULL,
  PRIMARY KEY (`order_id`),
  KEY `user_id` (`user_id`)
) ENGINE=InnoDB AUTO_INCREMENT=2 DEFAULT CHARSET=latin1;

--
-- Déchargement des données de la table `orders_info`
--

INSERT INTO `orders_info` (`order_id`, `user_id`, `f_name`, `email`, `address`, `city`, `state`, `zip`, `cardname`, `cardnumber`, `expdate`, `prod_count`, `total_amt`, `cvv`) VALUES
(1, 12, 'Puneeth', 'puneethreddy951@gmail.com', 'Bangalore, Kumbalagodu, Karnataka', 'Bangalore', 'Karnataka', 560074, 'pokjhgfcxc', '4321 2345 6788 7654', '12/90', 3, 77000, 1234);

-- --------------------------------------------------------

--
-- Structure de la table `order_products`
--

DROP TABLE IF EXISTS `order_products`;
CREATE TABLE IF NOT EXISTS `order_products` (
  `order_pro_id` int(10) NOT NULL AUTO_INCREMENT,
  `order_id` int(11) NOT NULL,
  `product_id` int(11) NOT NULL,
  `qty` int(15) DEFAULT NULL,
  `amt` int(15) DEFAULT NULL,
  PRIMARY KEY (`order_pro_id`),
  KEY `order_products` (`order_id`),
  KEY `product_id` (`product_id`)
) ENGINE=InnoDB AUTO_INCREMENT=76 DEFAULT CHARSET=latin1;

--
-- Déchargement des données de la table `order_products`
--

INSERT INTO `order_products` (`order_pro_id`, `order_id`, `product_id`, `qty`, `amt`) VALUES
(73, 1, 1, 1, 5000),
(74, 1, 4, 2, 64000),
(75, 1, 8, 1, 40000);

-- --------------------------------------------------------

--
-- Structure de la table `products`
--

DROP TABLE IF EXISTS `products`;
CREATE TABLE IF NOT EXISTS `products` (
  `product_id` int(100) NOT NULL AUTO_INCREMENT,
  `product_cat` int(100) NOT NULL,
  `product_brand` int(100) NOT NULL,
  `product_title` varchar(255) NOT NULL,
  `product_price` int(100) NOT NULL,
  `product_desc` text NOT NULL,
  `product_image` text NOT NULL,
  `product_keywords` text NOT NULL,
  PRIMARY KEY (`product_id`)
) ENGINE=InnoDB AUTO_INCREMENT=82 DEFAULT CHARSET=latin1;

--
-- Déchargement des données de la table `products`
--

INSERT INTO `products` (`product_id`, `product_cat`, `product_brand`, `product_title`, `product_price`, `product_desc`, `product_image`, `product_keywords`) VALUES
(1, 1, 2, 'Cercueil en chêne', 5000, 'Cercueil en chêne', 'product07.png', 'Cercueil en chêne'),
(4, 1, 3, 'Cercueil en chêne', 32000, 'Cercueil', 'http___pluspng.com_img-png_iphone-6s-png-iphone-6s-gold-64gb-1000.png', 'Cercueil en chêne'),
(5, 1, 2, 'Cercueil en chêne', 10000, 'Cercueil en chêne', 'iPad-air.png', 'Cercueil en chêne'),
(6, 1, 1, 'Cercueil en chêne', 35000, 'Cercueil en chêne', 'laptop_PNG5939.png', 'Cercueil en chêne'),
(7, 1, 1, 'Cercueil en chêne', 50000, 'Cercueil en chêne', 'laptop_PNG5930.png', 'Cercueil en chêne'),
(8, 1, 4, 'Cercueil en chêne', 40000, 'Cercueil en chêne', '530201353846AM_635_sony_xperia_z.png', 'Cercueil en chêne'),
(9, 1, 3, 'Cercueil en chêne', 12000, 'iphone', 'iphone-hd-png-iphone-apple-png-file-550.png', 'Cercueil en chêne'),
(10, 2, 6, 'corbillards mercedes', 1000, 'corbillards mercedes', 'red dress.jpg', 'corbillards mercedes'),
(11, 2, 6, 'corbillards mercedes', 1200, 'corbillards mercedes', 'images.jpg', 'corbillards mercedes'),
(12, 2, 6, 'corbillards mercedes', 1500, 'corbillards mercedes', '7475-ladies-casual-dresses-summer-two-colors-pleated.jpg', 'corbillards mercedes'),
(13, 2, 6, 'corbillards mercedes', 1200, 'vcorbillards mercedes', 'Spring-Autumn-Winter-Young-Ladies-Casual-Wool-Dress-Women-s-One-Piece-Dresse-Dating-Clothes-Medium.jpg_640x640.jpg', 'corbillards mercedes'),
(14, 2, 6, 'corbillards mercedes', 1400, 'corbillards mercedes', 'download.jpg', 'corbillards mercedes'),
(15, 2, 6, 'corbillards mercedes', 1500, 'corbillards mercedes', 'shutterstock_203611819.jpg', 'corbillards mercedes'),
(16, 3, 6, 'decoration fleuries', 600, 'decoration fleuries', '2012-Winter-Sweater-for-Men-for-better-outlook.jpg', 'decoration fleuries'),
(17, 3, 6, 'decoration fleuries', 1000, 'decoration fleuries', 'gents-formal-250x250.jpg', 'decoration fleuries'),
(19, 3, 6, 'decoration fleuries', 3000, 'ad', 'images (1).jpg', 'decoration fleuries'),
(20, 3, 6, 'decoration fleuries', 1600, 'jg', 'Winter-fashion-men-burst-sweater.png', 'decoration fleuries'),
(21, 3, 6, 'decoration fleuries', 800, 'ssds', 'IN-Mens-Apparel-Voodoo-Tiles-09._V333872612_.jpg', 'decoration fleuries'),
(22, 4, 6, 'Yellow T shirt ', 1300, 'yello t shirt with pant', '1.0x0.jpg', 'kids yellow t shirt'),
(23, 4, 6, 'Girls cloths', 1900, 'sadsf', 'GirlsClothing_Widgets.jpg', 'formal kids wear dress'),
(24, 4, 6, 'Blue T shirt', 700, 'g', 'images.jpg', 'kids dress'),
(25, 4, 6, 'Yellow girls dress', 750, 'as', 'images (3).jpg', 'yellow kids dress'),
(27, 4, 6, 'Formal look', 690, 'sd', 'image28.jpg', 'formal kids dress'),
(32, 5, 0, 'Book Shelf', 2500, 'book shelf', 'furniture-book-shelf-250x250.jpg', 'book shelf furniture'),
(33, 6, 2, 'Refrigerator', 35000, 'Refrigerator', 'CT_WM_BTS-BTC-AppliancesHome_20150723.jpg', 'refrigerator samsung'),
(34, 6, 4, 'Emergency Light', 1000, 'Emergency Light', 'emergency light.JPG', 'emergency light'),
(35, 6, 0, 'Vaccum Cleaner', 6000, 'Vaccum Cleaner', 'images (2).jpg', 'Vaccum Cleaner'),
(36, 6, 5, 'Iron', 1500, 'gj', 'iron.JPG', 'iron'),
(37, 6, 5, 'LED TV', 20000, 'LED TV', 'images (4).jpg', 'led tv lg'),
(38, 6, 4, 'Microwave Oven', 3500, 'Microwave Oven', 'images.jpg', 'Microwave Oven'),
(39, 6, 5, 'Mixer Grinder', 2500, 'Mixer Grinder', 'singer-mixer-grinder-mg-46-medium_4bfa018096c25dec7ba0af40662856ef.jpg', 'Mixer Grinder'),
(40, 2, 6, 'Formal girls dress', 3000, 'Formal girls dress', 'girl-walking.jpg', 'ladies'),
(45, 1, 2, 'Samsung Galaxy Note 3', 10000, '0', 'samsung_galaxy_note3_note3neo.JPG', 'samsung galaxy Note 3 neo'),
(46, 1, 2, 'Samsung Galaxy Note 3', 10000, '', 'samsung_galaxy_note3_note3neo.JPG', 'samsung galxaxy note 3 neo'),
(47, 4, 6, 'Laptop', 650, 'nbk', 'product01.png', 'Dell Laptop'),
(48, 1, 7, 'Headphones', 250, 'Headphones', 'product05.png', 'Headphones Sony'),
(49, 1, 7, 'Headphones', 250, 'Headphones', 'product05.png', 'Headphones Sony'),
(50, 3, 6, 'boys shirts', 350, 'shirts', 'pm1.JPG', 'suit boys shirts'),
(51, 3, 6, 'boys shirts', 270, 'shirts', 'pm2.JPG', 'suit boys shirts'),
(52, 3, 6, 'boys shirts', 453, 'shirts', 'pm3.JPG', 'suit boys shirts'),
(53, 3, 6, 'boys shirts', 220, 'shirts', 'ms1.JPG', 'suit boys shirts'),
(54, 3, 6, 'boys shirts', 290, 'shirts', 'ms2.JPG', 'suit boys shirts'),
(55, 3, 6, 'boys shirts', 259, 'shirts', 'ms3.JPG', 'suit boys shirts'),
(56, 3, 6, 'boys shirts', 299, 'shirts', 'pm7.JPG', 'suit boys shirts'),
(57, 3, 6, 'boys shirts', 260, 'shirts', 'i3.JPG', 'suit boys shirts'),
(58, 3, 6, 'boys shirts', 350, 'shirts', 'pm9.JPG', 'suit boys shirts'),
(59, 3, 6, 'boys shirts', 855, 'shirts', 'a2.JPG', 'suit boys shirts'),
(60, 3, 6, 'boys shirts', 150, 'shirts', 'pm11.JPG', 'suit boys shirts'),
(61, 3, 6, 'boys shirts', 215, 'shirts', 'pm12.JPG', 'suit boys shirts'),
(62, 3, 6, 'boys shirts', 299, 'shirts', 'pm13.JPG', 'suit boys shirts'),
(63, 3, 6, 'boys Jeans Pant', 550, 'Pants', 'pt1.JPG', 'boys Jeans Pant'),
(64, 3, 6, 'boys Jeans Pant', 460, 'pants', 'pt2.JPG', 'boys Jeans Pant'),
(65, 3, 6, 'boys Jeans Pant', 470, 'pants', 'pt3.JPG', 'boys Jeans Pant'),
(66, 3, 6, 'boys Jeans Pant', 480, 'pants', 'pt4.JPG', 'boys Jeans Pant'),
(67, 3, 6, 'boys Jeans Pant', 360, 'pants', 'pt5.JPG', 'boys Jeans Pant'),
(68, 3, 6, 'boys Jeans Pant', 550, 'pants', 'pt6.JPG', 'boys Jeans Pant'),
(69, 3, 6, 'boys Jeans Pant', 390, 'pants', 'pt7.JPG', 'boys Jeans Pant'),
(70, 1, 6, 'cercueil 235cm', 390000, 'cercueil', 'pt8.JPG', 'cercueil 235cm'),
(71, 2, 2, 'corbillard mercedes', 5000, 'corbillard mercedes', 'product07.png', 'corbillard mercedes'),
(72, 7, 2, 'sony Headphones', 3500, 'sony Headphones', 'product02.png', 'sony Headphones electronics gadgets'),
(73, 7, 2, 'samsung Headphones', 3500, 'samsung Headphones', 'product05.png', 'samsung Headphones electronics gadgets'),
(74, 1, 1, 'corbillard mercedes', 5500, 'vehicule', 'product01.png', 'corbillard mercedes vehicule'),
(75, 3, 1, 'cercueil 245cm', 550000, 'cercueil', 'product03.png', 'cercueil 235cm'),
(76, 1, 5, 'sony note 6gb ram', 4500, 'sony note 6gb ram', 'product04.png', 'sony note 6gb ram mobile electronics'),
(77, 1, 4, 'MSV laptop 16gb ram NVIDEA Graphics', 5499, 'MSV laptop 16gb ram', 'product06.png', 'MSV laptop 16gb ram NVIDEA Graphics electronics'),
(78, 1, 5, 'dell laptop 8gb ram intel integerated Graphics', 4579, 'dell laptop 8gb ram intel integerated Graphics', 'product08.png', 'dell laptop 8gb ram intel integerated Graphics electronics'),
(79, 7, 2, 'camera with 3D pixels', 2569, 'camera with 3D pixels', 'product09.png', 'camera with 3D pixels camera electronics gadgets'),
(80, 1, 1, 'ytrfdkjsd', 12343, 'sdfhgh', '1542455446_thythtf .jpeg', 'dfgh'),
(81, 4, 6, 'Kids blue dress', 300, 'blue dress', '1543993724_pg4.jpg', 'kids blue dress');

-- --------------------------------------------------------

--
-- Structure de la table `user_info`
--

DROP TABLE IF EXISTS `user_info`;
CREATE TABLE IF NOT EXISTS `user_info` (
  `user_id` int(10) NOT NULL AUTO_INCREMENT,
  `first_name` varchar(100) NOT NULL,
  `last_name` varchar(100) NOT NULL,
  `email` varchar(300) NOT NULL,
  `password` varchar(300) NOT NULL,
  `mobile` varchar(10) NOT NULL,
  `address1` varchar(300) NOT NULL,
  `address2` varchar(11) NOT NULL,
  PRIMARY KEY (`user_id`)
) ENGINE=InnoDB AUTO_INCREMENT=26 DEFAULT CHARSET=latin1;

--
-- Déchargement des données de la table `user_info`
--

INSERT INTO `user_info` (`user_id`, `first_name`, `last_name`, `email`, `password`, `mobile`, `address1`, `address2`) VALUES
(12, 'puneeth', 'Reddy', 'puneethreddy951@gmail.com', 'puneeth', '9448121558', '123456789', 'sdcjns,djc'),
(15, 'hemu', 'ajhgdg', 'puneethreddy951@gmail.com', '346778', '536487276', ',mdnbca', 'asdmhmhvbv'),
(16, 'venky', 'vs', 'venkey@gmail.com', '1234534', '9877654334', 'snhdgvajfehyfygv', 'asdjbhfkeur'),
(19, 'abhishek', 'bs', 'abhishekbs@gmail.com', 'asdcsdcc', '9871236534', 'bangalore', 'hassan'),
(21, 'prajval', 'mcta', 'prajvalmcta@gmail.com', '1234545662', '202-555-01', 'bangalore', 'kumbalagodu'),
(22, 'puneeth', 'v', 'hemu@gmail.com', '1234534', '9877654334', 'snhdgvajfehyfygv', 'asdjbhfkeur'),
(23, 'hemanth', 'reddy', 'hemanth@gmail.com', 'Puneeth@123', '9876543234', 'Bangalore', 'Kumbalagodu'),
(24, 'newuser', 'user', 'newuser@gmail.com', 'puneeth@123', '9535688928', 'Bangalore', 'Kumbalagodu'),
(25, 'otheruser', 'user', 'otheruser@gmail.com', 'puneeth@123', '9535688928', 'Bangalore', 'Kumbalagodu');

--
-- Déclencheurs `user_info`
--
DROP TRIGGER IF EXISTS `after_user_info_insert`;
DELIMITER $$
CREATE TRIGGER `after_user_info_insert` AFTER INSERT ON `user_info` FOR EACH ROW BEGIN 
INSERT INTO user_info_backup VALUES(new.user_id,new.first_name,new.last_name,new.email,new.password,new.mobile,new.address1,new.address2);
END
$$
DELIMITER ;

-- --------------------------------------------------------

--
-- Structure de la table `user_info_backup`
--

DROP TABLE IF EXISTS `user_info_backup`;
CREATE TABLE IF NOT EXISTS `user_info_backup` (
  `user_id` int(10) NOT NULL AUTO_INCREMENT,
  `first_name` varchar(100) NOT NULL,
  `last_name` varchar(100) NOT NULL,
  `email` varchar(300) NOT NULL,
  `password` varchar(300) NOT NULL,
  `mobile` varchar(10) NOT NULL,
  `address1` varchar(300) NOT NULL,
  `address2` varchar(11) NOT NULL,
  PRIMARY KEY (`user_id`)
) ENGINE=InnoDB AUTO_INCREMENT=26 DEFAULT CHARSET=latin1;

--
-- Déchargement des données de la table `user_info_backup`
--

INSERT INTO `user_info_backup` (`user_id`, `first_name`, `last_name`, `email`, `password`, `mobile`, `address1`, `address2`) VALUES
(12, 'puneeth', 'Reddy', 'puneethreddy951@gmail.com', '123456789', '9448121558', '123456789', 'sdcjns,djc'),
(14, 'hemanthu', 'reddy', 'hemanthreddy951@gmail.com', '123456788', '6526436723', 's,dc wfjvnvn', 'b efhfhvvbr'),
(15, 'hemu', 'ajhgdg', 'keeru@gmail.com', '346778', '536487276', ',mdnbca', 'asdmhmhvbv'),
(16, 'venky', 'vs', 'venkey@gmail.com', '1234534', '9877654334', 'snhdgvajfehyfygv', 'asdjbhfkeur'),
(19, 'abhishek', 'bs', 'abhishekbs@gmail.com', 'asdcsdcc', '9871236534', 'bangalore', 'hassan'),
(20, 'pramod', 'vh', 'pramod@gmail.com', '124335353', '9767645653', 'ksbdfcdf', 'sjrgrevgsib'),
(21, 'prajval', 'mcta', 'prajvalmcta@gmail.com', '1234545662', '202-555-01', 'bangalore', 'kumbalagodu'),
(22, 'puneeth', 'v', 'hemu@gmail.com', '1234534', '9877654334', 'snhdgvajfehyfygv', 'asdjbhfkeur'),
(23, 'hemanth', 'reddy', 'hemanth@gmail.com', 'Puneeth@123', '9876543234', 'Bangalore', 'Kumbalagodu'),
(24, 'newuser', 'user', 'newuser@gmail.com', 'puneeth@123', '9535688928', 'Bangalore', 'Kumbalagodu'),
(25, 'otheruser', 'user', 'otheruser@gmail.com', 'puneeth@123', '9535688928', 'Bangalore', 'Kumbalagodu');

--
-- Contraintes pour les tables déchargées
--

--
-- Contraintes pour la table `orders_info`
--
ALTER TABLE `orders_info`
  ADD CONSTRAINT `user_id` FOREIGN KEY (`user_id`) REFERENCES `user_info` (`user_id`);

--
-- Contraintes pour la table `order_products`
--
ALTER TABLE `order_products`
  ADD CONSTRAINT `order_products` FOREIGN KEY (`order_id`) REFERENCES `orders_info` (`order_id`) ON DELETE NO ACTION ON UPDATE CASCADE,
  ADD CONSTRAINT `product_id` FOREIGN KEY (`product_id`) REFERENCES `products` (`product_id`);
COMMIT;

/*!40101 SET CHARACTER_SET_CLIENT=@OLD_CHARACTER_SET_CLIENT */;
/*!40101 SET CHARACTER_SET_RESULTS=@OLD_CHARACTER_SET_RESULTS */;
/*!40101 SET COLLATION_CONNECTION=@OLD_COLLATION_CONNECTION */;
